name,location_name,city,state,country
Pats Peak,"Henniker, NH, USA",Henniker,New Hampshire,United States
Eastman Cross Country,"Grantham, NH",Grantham,New Hampshire,United States
Showdown Montana,Neihart MT,Neihart,Montana,United States
Takasu Snow Park,"Gujo, Gifu, Japan",Gujo,Gifu,Japan
Togakushi Ski Resort,"Nagano, Japan",Nagano,Nagano,Japan
Arctic Valley,"Anchorage, AK, USA",Anchorage,Alaska,United States
Björkliden,"Lapland, Sweden",,,Sweden
SkiWelt,"Söll, Austria",Söll,Tyrol,Austria
Kaya Palazzo Kartalkaya Ski & Mountain Resort,"Gökpınar/Bolu Merkez/Bolu, Türkiye",Gökpınar,Bolu,Türkiye
Mt. Holiday,"Traverse City, MI",Traverse City,Michigan,United States
White Grass Ski Touring,"Davis, WV, USA",Davis,West Virginia,United States
Rangeley Lakes Trail Center,"Rangeley, ME, USA",Rangeley,Maine,United States
Petzen,"Carinthia, Austria",,Carinthia,Austria
Haymaker Nordic Center,"Steamboat Springs, CO",Steamboat Springs,Colorado,United States
Steamboat Ski Touring Center,"Steamboat Springs, CO",Steamboat Springs,Colorado,United States
Wintergreen,"Nellysford, VA",Nellysford,Virginia,United States
Nelson Nordic Ski Club,"Nelson, BC, CA",Nelson,British Columbia,Canada
Mount Racey Ski Resort,"Yubari, Hokkaido",Yubari,Hokkaido,Japan
Hirugano Kogen Ski Resort,"Gujo, Gifu, Japan",Gujo,Gifu,Japan
Saddleback Mountain,"Rangeley, ME, USA",Rangeley,Maine,United States
Sasquatch Mountain Resort,"Agassiz, BC, CA",Agassiz,British Columbia,Canada
The Loppet,"Minneapolis, MN",Minneapolis,Minnesota,United States
Kamui Ski Links,"Asahikawa, Hokkaido, Japan",Asahikawa,Hokkaido,Japan
Huff Hills Ski Area,"Mandan, ND, USA",Mandan,North Dakota,United States
Pyhä Ski Resort,"Pelkosenniemi, Finland",Pelkosenniemi,Lapland,Finland
Manning Park XC,"Hope, BC, CA",Hope,British Columbia,Canada
Leavenworth Winter Sports Club,"Leavenworth, WA, USA",Leavenworth,Washington,United States
Bruce Mound Winter Sports Area,"Merrillan, WI",Merrillan,Wisconsin,United States
Ski Land,"Fairbanks, AK",Fairbanks,Alaska,United States
Pebble Creek Ski Area,"Inkom, ID",Inkom,Idaho,United States
Tamarack Mountain Resort,"Donnelly , ID, USA",Donnelly,Idaho,United States
Nutt Hill,"Plymouth, WI",Plymouth,Wisconsin,United States
Portes du Soleil,French Swiss Border,,,
Ski Saint-Bruno,"St-Bruno, QC",St-Bruno-de-Montarville,Quebec,Canada
Les 7 Laux,"Les Adrets, France",Les Adrets,Auvergne-Rhône-Alpes,France
Franconia Village XC Ski Area,"Franconia, NH",Franconia,New Hampshire,United States
Shawnee Mountain Ski Area,"East Stroudsburg , PA, USA",East Stroudsburg,Pennsylvania,United States
High Point XC Ski Center,"Sussex, NJ, USA",,New Jersey,United States
Schuss Mountain at Shanty Creek,"Bellaire, MI, USA",Bellaire,Michigan,United States
Washigatake Ski Resort,"Gujo, Gifu, Japan",Gujo,Gifu,Japan
Loveland Ski Area,"Georgetown, CO",Georgetown,Colorado,United States
Ninox Snow Park,"Niigata, Shibata, Kamisanko, 大平国有林無番地",Shibata,Niigata,Japan
Tenney Mountain,"Plymouth, NH",Plymouth,New Hampshire,United States
Mont Sutton,"Sutton, QC",Sutton,Quebec,Canada
Black Jack Cross Country Ski Club,"Rossland, BC, CA",Rossland,British Columbia,Canada
Berkshire East Mountain Resort,"Charlemont, MA, USA",Charlemont,Massachusetts,United States
Muica Snow Resort,"Minamiuonuma, Niigata, Japan",Minamiuonuma,Niigata,Japan
Ejder3200 Palandoken,"Erzurum, Türkiye",Erzurum,Erzurum,Türkiye
49 Degrees North,"Chewelah, WA, USA",Chewelah,Washington,United States
Black Mountain of Maine,"Rumford, ME, USA",Rumford,Maine,United States
Skaneateles Ski Club,"Syracuse, NY, USA",Syracuse,New York,United States
Spring Mountain Adventures,"Schwenksville, PA",Schwenksville,Pennsylvania,United States
Kandatsu Snow Resort,"Niigata, Japan",Niigata,Niigata,Japan
The Krvavec Ski Resort,"Cerklje na Gorenjskem, Slovenia",Cerklje na Gorenjskem,Kranj,Slovenia
Val d'Irène,"Sainte-Irène, QC",,Quebec,Canada
Peek ‘n Peak,"Clymer, NY, USA",Clymer,New York,United States
Massif du Sud,"Saint-Philémon, Quebec",Saint-Philémon,Quebec,Canada
Granby Ranch,"Granby, CO, USA",Granby,Colorado,United States
Rauriser-Hochalmbahnen,"Liftweg 2, 5661 Rauris, Austria",Rauris,Salzburg,Austria
Snow King Mountain Resort,"Jackson, WY, USA",Jackson,Wyoming,United States
Snowstar,"Andalusia, IL, USA",Andalusia,Illinois,United States
Manning Park,"Hope, BC, CA",Hope,British Columbia,Canada
Coffee Mill Ski Area,"Wabasha, Minnesota",Wabasha,Minnesota,United States
Antelope Butte,"Shell, WY, USA",Shell,Wyoming,United States
Beaver Mountain,"Garden City, UT, USA",Garden City,Utah,United States
Amihari Onsen Ski Resort,"Morioka City, Iwate Prefecture, Japan",Morioka,Iwate,Japan
Snow Resort The Cupid of Romance,"Nagano, Japan",Nagano,Nagano,Japan
WhitePIA Takasu,"Gujo, Gifu, Japan",Gujo,Gifu,Japan
Burke Mountain,"East Burke, VT, USA",Burke,Vermont,United States
Spirit Mountain,"Duluth, MN, USA",Duluth,Minnesota,United States
Marquette Mountain,"Marquette, MI, USA",Marquette,Michigan,United States
Brundage Mountain Resort,"McCall, ID, USA",McCall,Idaho,United States
White Pass,"White Pass, WA, USA",,Washington,United States
Innsbruck Region,"Innsbruck Region, Austria",Innsbruck,Tyrol,Austria
Maple Ski Ridge,"Schenectady, NY, USA",Schenectady,New York,United States
Nubs Nob,"Harbor Springs, MI, USA",Harbor Springs,Michigan,United States
Okunakayama Kogen,"Morioka, Tohoku, Japan",Morioka,Iwate,Japan
Bolton Valley Resort,"Burlington, VT, USA",Burlington,Vermont,United States
Waterville Valley Resort,"Waterville Valley, NH, USA",Waterville Valley,New Hampshire,United States
Ragged Mountain,"Danbury, NH",Danbury,New Hampshire,United States
Nickel Plate Cross Country Ski Club,"Hedley, BC, CA",Hedley,British Columbia,Canada
Destination Owls Head,"Mansonville, QC",Mansonville,Quebec,Canada
Elm Creek Park Reserve,"Maple Grove, MN",Maple Grove,Minnesota,United States
Great Bear Ski Valley,"Sioux Falls, SD, USA",Sioux Falls,South Dakota,United States
Hudson Bay Mountain,"Smithers, BC, Canada",Smithers,British Columbia,Canada
Greek Peak Mountain Resort,"Cortland, NY, USA",Cortland,New York,United States
Great Glen Trails Outdoor Center,"Gorham, NH",Gorham,New Hampshire,United States
Malá Úpa,"Malá Úpa, Czechia",Malá Úpa,Hradec Králové Region,Czechia
Ober Mountain,"Gatlinburg, TN, USA",Gatlinburg,Tennessee,United States
Pomerelle Mountain Resort,"Burley, ID, USA",Burley,Idaho,United States
Soldier Mountain,"Fairfield, ID, USA",Fairfield,Idaho,United States
Titus Mountain,"Malone, NY, USA",Malone,New York,United States
Turpin Meadow Ranch,"Jackson , WY, USA",Jackson,Wyoming,United States
Whaleback Mountain,"Enfield, NH, USA",Enfield,New Hampshire,United States
Williams Lake Cross Country Ski Club,"Williams Lake, BC, CA",Williams Lake,British Columbia,Canada
Magic Mountain,"Londonderry , VT, USA",Londonderry,Vermont,United States
Corralco Resort de Montaña,"Reserva Nacional Malalcahuello S/N, Curacautin, Chile",,Araucanía,Chile
Carters XC Ski Center,"Bethel, Maine",Bethel,Maine,United States
Kaunertaler Gletscher,"Kaunertal, Austria",Kaunertal,Tyrol,Austria
North Cascade Heli,"Winthrop, WA",Winthrop,Washington,United States
Powder Ridge,"Kimball, MN, USA",Kimball,Minnesota,United States
Camp 10 Ski Area,"Rhinelander, WI",Rhinelander,Wisconsin,United States
Black Mountain Ski Area,"Jackson, NH, USA",Jackson,New Hampshire,United States
Glencoe Mountain Resort,"Glencoe, Scotland",Glencoe,Scotland,United Kingdom
Woodstock Nordic Center,"Woodstock, VT, USA",Woodstock,Vermont,United States
Homestake Lodge,"Butte, MT, USA",Butte,Montana,United States
Cannon Mountain,"Franconia, NH, USA",Franconia,New Hampshire,United States
Ski Vallée Bleue,"Val-David, Québec",Val-David,Quebec,Canada
Pitztaler Gletscherbahn,"Mittelberg, Austria",Mittelberg,Vorarlberg,Austria
Paul Bunyan Ski Hill,"Lakewood, WI",Lakewood,Wisconsin,United States
Tazawako,"Tazawako, Tohoku",Minamiaizu,Fukushima,Japan
Camden Snow Bowl,"Camden, Maine",Camden,Maine,United States
Camp Fortune,"Chelsea, Quebec, Canada",Chelsea,Quebec,Canada
Mont Edouard,"L'Anse-Saint-Jean, QC",L'Anse-Saint-Jean,Quebec,Canada
Shimokura,"Hachimantai, Iwate, Japan",Hachimantai,Iwate,Japan
Sovereign Lake Nordic Club,"Vernon, BC, CA",Vernon,British Columbia,Canada
Christie Mountain,"Bruce, WI",Bruce,Wisconsin,United States
Mt. Abram,"Greenwood, Maine",Greenwood,Maine,United States
Kimberley Nordic Club,"Kimberley, BC, CA",Kimberley,British Columbia,Canada
Kendall Mountain Ski Area,"Silverton, CO",Silverton,Colorado,United States
Riksgränsen,"Riksgränsen, Sweden",Riksgränsen,Norrbotten County,Sweden
Enchanted Forest XC,"Red River, NM, USA",Red River,New Mexico,United States
Northern Maine Community Trails,"Presque-Isle, ME",Presque Isle,Maine,United States
Moose Mountain,"Fairbanks, AK",Fairbanks,Alaska,United States
Mountain High,"Wrightwood, CA, USA",Wrightwood,California,United States
Big White Ski Resort,"Kelowna, BC, CA",Kelowna,British Columbia,Canada
Big Rock Mountain,"Mars Hill, ME, USA",Mars Hill,Maine,United States
Hochzeiger Bergbahnen Pitztal AG,"Jerzens, Austria",Jerzens,Tyrol,Austria
Mohawk Mountain,"Cornwall, CT, USA",Cornwall,Connecticut,United States
Skeetawk,"Palmer, Alaska",Palmer,Alaska,United States
Marble Mountain,"NL, Canada",,Newfoundland and Labrador,Canada
Blue Knob All Season Resort,"Claysburg, PA, USA",Claysburg,Pennsylvania,United States
Shames Mountain,"Terrace, BC, CA",Terrace,British Columbia,Canada
Calabogie Peaks Resort,"Calabogie, ON, CA",Greater Madawaska,Ontario,Canada
Buffalo Ski Club,"Colden, NY",Colden,New York,United States
Hyland Hills,"Bloomington, MN",Bloomington,Minnesota,United States
Bear Valley Adventure Company,"Bear Valley, CA, USA",Bear Valley,California,United States
Murray Ridge Ski Area,"Fort St. James, BC",Fort St. James,British Columbia,Canada
Pippu Ski Resort,"Asahikawa, Hokkaido, Japan",Asahikawa,Hokkaido,Japan
Donner Ski Ranch,"Norden, Lake Tahoe, CA",,,United States
Bear Creek,"Macungie, PA",Macungie,Pennsylvania,United States
Mont Rigaud,"Riquad QC, Canada",,Quebec,Canada
Tussey Mountain,"State College, PA, USA",State College,Pennsylvania,United States
Big Moose,"447 Ski Resort Rd, Greenville Junction, ME 04442",,Maine,United States
King Pine,"Madison, NH, USA",Madison,New Hampshire,United States
Fairmont Hot Springs,"Fairmont Hot Springs, BC, CA",Fairmont Hot Springs,British Columbia,Canada
Telemark Nordic Center,"Kelowna, BC, CA",Kelowna,British Columbia,Canada
Sunlight Mountain Resort,"Glenwood Springs, CO, USA",Glenwood Springs,Colorado,United States
Togari Onsen Snow Resort,"Nagano, Japan",Nagano,Nagano,Japan
Hilltop Ski Area,"Anchorage, AK",Anchorage,Alaska,United States
Ruka Ski Resort,"Kuusamo, Finland",Kuusamo,North Ostrobothnia,Finland
Cherry Peak,"Richmond, UT, USA",Richmond,Utah,United States
Bear Valley Mountain Resort,"Bear Valley, CA",Bear Valley,California,United States
Minocqua Winter Park,"Minocqua, WI, USA",Minocqua,Wisconsin,United States
Powder Ridge,"Middlefield, Connecticut",Middlefield,Connecticut,United States
Rikert Nordic Center,"Ripton, VT, USA",Ripton,Vermont,United States
Steinplatte,"Waidring, Austria",Waidring,Tyrol,Austria
Chestnut Mountain Resort,"Galena, IL, USA",Galena,Illinois,United States
Mt. Washington,"BC, Canada",,British Columbia,Canada
Dry Hill Ski Area,"Watertown, NY, USA",Watertown,New York,United States
Swain Resort,"Swain, NY, USA",Swain,New York,United States
Crosscut Mountain Sports Center,"Bozeman, MT, USA",Bozeman,Montana,United States
Winter4Kids,"Vernon, NJ",Vernon Township,New Jersey,United States
Baqueira/Beret,"Baqueira, Spain",Baqueira,Cataluña,Spain
Little Ski Hill,"McCall, ID",McCall,Idaho,United States
Snow Ridge,"Turin, NY, USA",,New York,United States
Dartmouth Skiway,"Lyme Center, NH, USA",Lyme,New Hampshire,United States
Kelly Canyon,"Ririe, ID, USA",Ririe,Idaho,United States
Mt. Shasta,"Mount Shasta, CA, USA",Mount Shasta,California,United States
Stranda Ski Resort,"Stranda, Norway",Stranda,Møre og Romsdal,Norway
Sleepy Hollow,"Huntington, VT",Huntington,Vermont,United States
Crystal Mountain,"Thompsonville, MI, USA",Thompsonville,Michigan,United States
Howelsen Hill,"Steamboat Springs, CO, USA",Steamboat Springs,Colorado,United States
Catamount Mountain Resort,"South Egremont, MA, USA",Egremont,Massachusetts,United States
Smokey Mountain Ski Club,"NL, Canada",,Newfoundland and Labrador,Canada
Obertauern,"Salzburg Region, Austria",,Salzburg,Austria
Loup Loup Ski Bowl,"Twisp, WA, USA",Twisp,Washington,United States
Nayoro Piyashiri Ski Resort,"Nisshin, Nayoro City, Hokkaido, Japan",Nayoro,Hokkaido,Japan
Osceola Tug Hill XC Ski Center,"Camden, NY",Camden,New York,United States
Tyrol Basin Ski and Snowboard,"Mt. Horeb, WI, USA",Mount Horeb,Wisconsin,United States
Middlebury Snowbowl,"Hancock, VT",Hancock,Vermont,United States
Garnet Hill XC,"North River, NY, USA",North River,New York,United States
Pizol,"Bad Ragaz, Switzerland",Bad Ragaz,St. Gallen,Switzerland
Catamount Outdoor Family Center,"Williston, VT, USA",Williston,Vermont,United States
Bethel Village Trails,"Bethel, ME",Bethel,Maine,United States
Engstligenalp,"Adelboden, Switzerland",Adelboden,Canton of Bern,Switzerland
Massanutten Resort,"Massanutten, VA, USA",Massanutten,Virginia,United States
Castle Mountain Resort,"Pincher Creek, AB, CA",Pincher Creek,Alberta,Canada
Detroit Mountain,"Detroit Lakes, MN, USA",Detroit Lakes,Minnesota,United States
Quarry Road Trails,"Waterville, ME, USA",Waterville,Maine,United States
Big Powderhorn,"Bessemer, MI, USA",Bessemer,Michigan,United States
Baldy Mountain Resort,"Oliver, BC, CA",Oliver,British Columbia,Canada
Cataloochee Ski Area,"Maggie Valley, NC, USA",Maggie Valley,North Carolina,United States
McIntyre Ski Area,"Manchester, NH, USA",Manchester,New Hampshire,United States
Leukerbad Torrent Ski Resort & Gemmi Resort,"Leukerbad, Switzerland",Leukerbad,Valais,Switzerland
Phoenix Mountain,"Grand Forks, BC, CA",Grand Forks,British Columbia,Canada
Magic Mountain Idaho,"Kimberly, Idaho",Kimberly,Idaho,United States
Cuchara,"Cuchara, CO",Cuchara,Colorado,United States
Saskadena Six Ski Area,"Woodstock, VT, USA",Woodstock,Vermont,United States
Maiko Resort,"Maiko, Minamiuonuma, Niigata, Japan",Minamiuonuma,Niigata,Japan
Thrill Hills,"Fort Ransom, ND",Fort Ransom,North Dakota,United States
Canmore Ski Village,"Hokkaido, Japan",,Hokkaido,Japan
Centre Vorlage,"Wakefield, QC",Wakefield,Quebec,Canada
Fort Kent Outdoor Center,"Fort Kent, Maine",Fort Kent,Maine,United States
Orcières Merlette 1850,"Orcières, France",Orcières,Provence-Alpes-Côte d'Azur,France
Mont Ripley Ski Area,"Hancock , MI, USA",Hancock,Michigan,United States
Hockley Valley Resort,"Mono, ON",Mono,Ontario,Canada
Maplelag Resort,"Callaway, MN, USA",Callaway,Minnesota,United States
Andes Tower Hills,"Alexandria, MN, USA",Alexandria,Minnesota,United States
Mount Baldy Ski Area,"Thunder Bay, ON, CA",Thunder Bay,Ontario,Canada
Smugglers' Notch Resort,"South Jeffersonville, VT",Cambridge,Vermont,United States
Dog Creek Lodge & Nordic Center,"Whitefish, MT, USA",Whitefish,Montana,United States
West Mountain,"Queensbury, NY, USA",,New York,United States
Mt Eyak,"Cordova, AK",Cordova,Alaska,United States
Echo Mountain,"Evergreen, CO, USA",Evergreen,Colorado,United States
White Pine Resort,"Pinedale, WY, USA",Pinedale,Wyoming,United States
Cooper Spur Ski Area,"Parkdale, OR, USA",Parkdale,Oregon,United States
St Johann in Tirol,"St. Johann in Tirol,  Austria",Sankt Johann,Tyrol,Austria
Winterplace Ski Resort,"Flat Top , WV, USA",Flat Top,West Virginia,United States
Canaan Valley,"Davis, WV, USA",Davis,West Virginia,United States
Cazenovia Ski Club,"Cazenovia, New York",Cazenovia,New York,United States
Pass Powderkeg,"Crowsnest Pass, AB, CA",,Alberta,Canada
Mount Kato,"Mankato, MN, USA",Mankato,Minnesota,United States
Geto Kogen,"Kita Kami, Tohoku, Japan",Kitakami,Iwate,Japan
Mt. Hood Meadows,"Mt. Hood, OR, USA",Mount Hood,Oregon,United States
White Pine Touring Nordic Center,"Park City, UT, USA",Park City,Utah,United States
Scotts Cobble Nordic Center,"Lake Placid, NY",Lake Placid,New York,United States
Bear Basin Nordic Center,"McCall, ID",McCall,Idaho,United States
Pila,"Aosta, Italy",Aosta,Aosta Valley,Italy
Jay Peak Resort,"Jay, VT, USA",Jay,Vermont,United States
Norway Mountain,"Norway, MI",Norway,Michigan,United States
Eagle Point,"Beaver, UT, USA",Beaver,Utah,United States
Red Lodge Mountain,"Red Lodge, MT",Red Lodge,Montana,United States
Hardwood Ski and Bike,"Barrie, ON, CA",Barrie,Ontario,Canada
Treetops Resort,"Gaylord, MI, USA",Gaylord,Michigan,United States
Glenshee Ski Centre,"Aberdeenshire, Scotland , AB35 5XU",,Scotland,United Kingdom
Silver Mountain,"Kellogg, ID, USA",Kellogg,Idaho,United States
Jackson XC,"Jackson, NH, USA",Jackson,New Hampshire,United States
Sundown Mountain,"Dubuque, IA, USA",Dubuque,Iowa,United States
Hodaigi Mountain Resort,"Tone-gun, Gunma",,Gunma,Japan
Norefjell Ski Resort,"Noresund, Norway",Noresund,Buskerud,Norway
Palcall Tsumagoi Resort,"Gunma, Agatsuma District, Tsumagoi, Japan",Tsumagoi,Gunma,Japan
Trollhaugen,"Dresser, WI, USA",Dresser,Wisconsin,United States
Ercİyes Ski Resort,"Hisarcık Erciyes, 38220 Melikgazi/Kayseri, Türkiye",,Kayseri,Türkiye
Cupid Valley,"Joetsu, Niigata 942-0534, Japan",Joetsu,Niigata,Japan
Apex Mountain Resort,"Penticton, BC, CA",Penticton,British Columbia,Canada
OBERSTDORF KLEINWALSERTAL BERGBAHNEN,"Riezlern, Austria",Riezlern,Vorarlberg,Austria
Ski Big Bear,"Lackawaxen, PA, USA",Lackawaxen,Pennsylvania,United States
Ski Sawmill,"Morris, PA, USA",Morris,Pennsylvania,United States
Bryce Resort,"Basye, VA, USA",Basye,Virginia,United States
Hunt Hollow Ski Club,"Naples, NY",Naples,New York,United States
Stöten i Sälen,"Sälen, Sweden",Sälen,Dalarna County,Sweden
Whitecap Mountains Resort,"Upson, WI",Upson,Wisconsin,United States
Lost Valley,"Auburn, ME",Auburn,Maine,United States
Bottineau Winter Park,"Bottineau , ND, USA",Bottineau,North Dakota,United States
Dynaland,"Gujo, Gifu, Japan",Gujo,Gifu,Japan
"Levi, Finland","Kittilä, Finland",Kittilä,Lapland,Finland
Ski Bluewood,"Dayton, WA, USA",Dayton,Washington,United States
Hurricane Ridge,"Port Angeles, WA, USA",Port Angeles,Washington,United States
Trapp Family Lodge,"Stowe, VT, USA",Stowe,Vermont,United States
Tschiertschen - Chur,"Tschiertschen, Switzerland",Chur,Grisons,Switzerland
Hoedown Hill,"Windsor, Colorado",Windsor,Colorado,United States
Bergbahnen Hohsaas,"Saas-Grund, Switzerland",Saas-Grund,Valais,Switzerland
Mont-Kanasuta,"Rouyn-Noranda, QC",Rouyn-Noranda,Quebec,Canada
Plain Valley Ski Trails,"Leavenworth, WA",Leavenworth,Washington,United States
Montana Snowbowl,"Missoula, MT, USA",Missoula,Montana,United States
Onikoube Ski Resort,"Narukoonsen Onikobe, Osaki Japan",Ōsaki,Miyagi,Japan
Bousquet Mountain,"Pittsfield, MA",Pittsfield,Massachusetts,United States
China Peak,"Lakeshore, CA, USA",Lakeshore,California,United States
Hatley Pointe,"Mars Hill, NC",Mars Hill,North Carolina,United States
Loch Lomond,"Thunder Bay, ON, CA",Thunder Bay,Ontario,Canada
Frost Fire Park,"Walhalla, ND",Walhalla,North Dakota,United States
Dodge Ridge,"Pinecrest, CA, USA",Pinecrest,California,United States
Lost Trail Powder Mountain,"Darby , MT, USA",Darby,Montana,United States
Eaglecrest,"Juneau, AK, USA",Juneau,Alaska,United States
Mt La Crosse,"La Crosse, WI",La Crosse,Wisconsin,United States
Sunburst Ski Area,"Kewaskum, WI",Kewaskum,Wisconsin,United States
Hoodoo,"Sisters, OR, USA",Sisters,Oregon,United States
Pine Mountain,"Iron Mountain, MI, USA",Iron Mountain,Michigan,United States
Powderhorn,"Mesa, CO",,Colorado,United States
Whitehorse Nordic Centre,"Whitehorse, Yukon, Canada",Whitehorse,Yukon,Canada
Yuzawa Nakazato Snow Resort,"Yuzawa, Niigata, Japan",Yuzawa,Niigata,Japan
Caledonia Nordic Ski Club,"Prince George, BC, CA",Prince George,British Columbia,Canada
Terry Peak,"Lead, SD, USA",Lead,South Dakota,United States
Montage Mountain,"Scranton PA, PA, USA",Scranton,Pennsylvania,United States
Skigebiet Heiligenblut-Großglockner,"Carinthia, Austria",,Carinthia,Austria
Aomori Spring Ski Resort,"Hirosaki, Tohoku, Japan",Hirosaki,Aomori,Japan
Mt. Pisgah,"Saranac Lake, NY",Saranac Lake,New York,United States
Veterans Memorial Recreation Area,"Franklin, NH",Franklin,New Hampshire,United States
